UserLogin01,Password01
UserLogin02,Password02
UserLogin03,Password03
UserLogin04,Password04
UserLogin05,Password05
UserLogin06,Password06
UserLogin07,Password07
UserLogin08,Password08
UserLogin09,Password09
UserLogin10,Password10
UserLogin11,Password11
UserLogin12,Password12
UserLogin13,Password13
UserLogin14,Password14
UserLogin15,Password15
UserLogin16,Password16
UserLogin17,Password17
UserLogin18,Password18
UserLogin19,Password19
UserLogin20,Password20
UserLogin21,Password21
UserLogin22,Password22
UserLogin23,Password23
UserLogin24,Password24
UserLogin25,Password25